--
-- PostgreSQL database dump
--

-- Dumped from database version 12.22 (Ubuntu 12.22-0ubuntu0.20.04.4)
-- Dumped by pg_dump version 12.22 (Ubuntu 12.22-0ubuntu0.20.04.4)

SET statement_timeout = 0;
SET lock_timeout = 0;
SET idle_in_transaction_session_timeout = 0;
SET client_encoding = 'UTF8';
SET standard_conforming_strings = on;
SELECT pg_catalog.set_config('search_path', '', false);
SET check_function_bodies = false;
SET xmloption = content;
SET client_min_messages = warning;
SET row_security = off;

DROP DATABASE universe;
--
-- Name: universe; Type: DATABASE; Schema: -; Owner: freecodecamp
--

CREATE DATABASE universe WITH TEMPLATE = template0 ENCODING = 'UTF8' LC_COLLATE = 'C.UTF-8' LC_CTYPE = 'C.UTF-8';


ALTER DATABASE universe OWNER TO freecodecamp;

\connect universe

SET statement_timeout = 0;
SET lock_timeout = 0;
SET idle_in_transaction_session_timeout = 0;
SET client_encoding = 'UTF8';
SET standard_conforming_strings = on;
SELECT pg_catalog.set_config('search_path', '', false);
SET check_function_bodies = false;
SET xmloption = content;
SET client_min_messages = warning;
SET row_security = off;

SET default_tablespace = '';

SET default_table_access_method = heap;

--
-- Name: galaxy; Type: TABLE; Schema: public; Owner: freecodecamp
--

CREATE TABLE public.galaxy (
    galaxy_id integer NOT NULL,
    name character varying(30) NOT NULL,
    galaxy_type_id integer,
    age_in_millions_of_years integer,
    is_active boolean
);


ALTER TABLE public.galaxy OWNER TO freecodecamp;

--
-- Name: galaxy_galaxy_id_seq; Type: SEQUENCE; Schema: public; Owner: freecodecamp
--

CREATE SEQUENCE public.galaxy_galaxy_id_seq
    AS integer
    START WITH 1
    INCREMENT BY 1
    NO MINVALUE
    NO MAXVALUE
    CACHE 1;


ALTER TABLE public.galaxy_galaxy_id_seq OWNER TO freecodecamp;

--
-- Name: galaxy_galaxy_id_seq; Type: SEQUENCE OWNED BY; Schema: public; Owner: freecodecamp
--

ALTER SEQUENCE public.galaxy_galaxy_id_seq OWNED BY public.galaxy.galaxy_id;


--
-- Name: galaxy_type; Type: TABLE; Schema: public; Owner: freecodecamp
--

CREATE TABLE public.galaxy_type (
    galaxy_type_id integer NOT NULL,
    name character varying(30) NOT NULL,
    description text
);


ALTER TABLE public.galaxy_type OWNER TO freecodecamp;

--
-- Name: galaxy_type_galaxy_type_id_seq; Type: SEQUENCE; Schema: public; Owner: freecodecamp
--

CREATE SEQUENCE public.galaxy_type_galaxy_type_id_seq
    AS integer
    START WITH 1
    INCREMENT BY 1
    NO MINVALUE
    NO MAXVALUE
    CACHE 1;


ALTER TABLE public.galaxy_type_galaxy_type_id_seq OWNER TO freecodecamp;

--
-- Name: galaxy_type_galaxy_type_id_seq; Type: SEQUENCE OWNED BY; Schema: public; Owner: freecodecamp
--

ALTER SEQUENCE public.galaxy_type_galaxy_type_id_seq OWNED BY public.galaxy_type.galaxy_type_id;


--
-- Name: moon; Type: TABLE; Schema: public; Owner: freecodecamp
--

CREATE TABLE public.moon (
    moon_id integer NOT NULL,
    name character varying(30) NOT NULL,
    planet_id integer,
    radius_in_mi numeric(5,1),
    is_spherical boolean
);


ALTER TABLE public.moon OWNER TO freecodecamp;

--
-- Name: moon_moon_id_seq; Type: SEQUENCE; Schema: public; Owner: freecodecamp
--

CREATE SEQUENCE public.moon_moon_id_seq
    AS integer
    START WITH 1
    INCREMENT BY 1
    NO MINVALUE
    NO MAXVALUE
    CACHE 1;


ALTER TABLE public.moon_moon_id_seq OWNER TO freecodecamp;

--
-- Name: moon_moon_id_seq; Type: SEQUENCE OWNED BY; Schema: public; Owner: freecodecamp
--

ALTER SEQUENCE public.moon_moon_id_seq OWNED BY public.moon.moon_id;


--
-- Name: planet; Type: TABLE; Schema: public; Owner: freecodecamp
--

CREATE TABLE public.planet (
    planet_id integer NOT NULL,
    name character varying(30) NOT NULL,
    star_id integer,
    planet_type_id integer,
    supports_life boolean
);


ALTER TABLE public.planet OWNER TO freecodecamp;

--
-- Name: planet_planet_id_seq; Type: SEQUENCE; Schema: public; Owner: freecodecamp
--

CREATE SEQUENCE public.planet_planet_id_seq
    AS integer
    START WITH 1
    INCREMENT BY 1
    NO MINVALUE
    NO MAXVALUE
    CACHE 1;


ALTER TABLE public.planet_planet_id_seq OWNER TO freecodecamp;

--
-- Name: planet_planet_id_seq; Type: SEQUENCE OWNED BY; Schema: public; Owner: freecodecamp
--

ALTER SEQUENCE public.planet_planet_id_seq OWNED BY public.planet.planet_id;


--
-- Name: planet_type; Type: TABLE; Schema: public; Owner: freecodecamp
--

CREATE TABLE public.planet_type (
    planet_type_id integer NOT NULL,
    name character varying(30) NOT NULL,
    description text
);


ALTER TABLE public.planet_type OWNER TO freecodecamp;

--
-- Name: planet_type_planet_type_id_seq; Type: SEQUENCE; Schema: public; Owner: freecodecamp
--

CREATE SEQUENCE public.planet_type_planet_type_id_seq
    AS integer
    START WITH 1
    INCREMENT BY 1
    NO MINVALUE
    NO MAXVALUE
    CACHE 1;


ALTER TABLE public.planet_type_planet_type_id_seq OWNER TO freecodecamp;

--
-- Name: planet_type_planet_type_id_seq; Type: SEQUENCE OWNED BY; Schema: public; Owner: freecodecamp
--

ALTER SEQUENCE public.planet_type_planet_type_id_seq OWNED BY public.planet_type.planet_type_id;


--
-- Name: star; Type: TABLE; Schema: public; Owner: freecodecamp
--

CREATE TABLE public.star (
    star_id integer NOT NULL,
    name character varying(30) NOT NULL,
    galaxy_id integer,
    temperature_in_kelvin integer,
    radius_in_mi numeric(5,1)
);


ALTER TABLE public.star OWNER TO freecodecamp;

--
-- Name: star_star_id_seq; Type: SEQUENCE; Schema: public; Owner: freecodecamp
--

CREATE SEQUENCE public.star_star_id_seq
    AS integer
    START WITH 1
    INCREMENT BY 1
    NO MINVALUE
    NO MAXVALUE
    CACHE 1;


ALTER TABLE public.star_star_id_seq OWNER TO freecodecamp;

--
-- Name: star_star_id_seq; Type: SEQUENCE OWNED BY; Schema: public; Owner: freecodecamp
--

ALTER SEQUENCE public.star_star_id_seq OWNED BY public.star.star_id;


--
-- Name: galaxy galaxy_id; Type: DEFAULT; Schema: public; Owner: freecodecamp
--

ALTER TABLE ONLY public.galaxy ALTER COLUMN galaxy_id SET DEFAULT nextval('public.galaxy_galaxy_id_seq'::regclass);


--
-- Name: galaxy_type galaxy_type_id; Type: DEFAULT; Schema: public; Owner: freecodecamp
--

ALTER TABLE ONLY public.galaxy_type ALTER COLUMN galaxy_type_id SET DEFAULT nextval('public.galaxy_type_galaxy_type_id_seq'::regclass);


--
-- Name: moon moon_id; Type: DEFAULT; Schema: public; Owner: freecodecamp
--

ALTER TABLE ONLY public.moon ALTER COLUMN moon_id SET DEFAULT nextval('public.moon_moon_id_seq'::regclass);


--
-- Name: planet planet_id; Type: DEFAULT; Schema: public; Owner: freecodecamp
--

ALTER TABLE ONLY public.planet ALTER COLUMN planet_id SET DEFAULT nextval('public.planet_planet_id_seq'::regclass);


--
-- Name: planet_type planet_type_id; Type: DEFAULT; Schema: public; Owner: freecodecamp
--

ALTER TABLE ONLY public.planet_type ALTER COLUMN planet_type_id SET DEFAULT nextval('public.planet_type_planet_type_id_seq'::regclass);


--
-- Name: star star_id; Type: DEFAULT; Schema: public; Owner: freecodecamp
--

ALTER TABLE ONLY public.star ALTER COLUMN star_id SET DEFAULT nextval('public.star_star_id_seq'::regclass);


--
-- Data for Name: galaxy; Type: TABLE DATA; Schema: public; Owner: freecodecamp
--

INSERT INTO public.galaxy VALUES (1, 'Yan', 1, 1000, true);
INSERT INTO public.galaxy VALUES (2, 'Tun', 2, 2000, true);
INSERT INTO public.galaxy VALUES (3, 'Biz', 3, 3000, false);
INSERT INTO public.galaxy VALUES (4, 'Lin', 4, 4000, false);
INSERT INTO public.galaxy VALUES (5, 'Rai', 5, 5000, true);
INSERT INTO public.galaxy VALUES (6, 'Hun', 6, 6000, false);


--
-- Data for Name: galaxy_type; Type: TABLE DATA; Schema: public; Owner: freecodecamp
--

INSERT INTO public.galaxy_type VALUES (1, 'a', 'a');
INSERT INTO public.galaxy_type VALUES (2, 'b', 'b');
INSERT INTO public.galaxy_type VALUES (3, 'c', 'c');
INSERT INTO public.galaxy_type VALUES (4, 'd', 'd');
INSERT INTO public.galaxy_type VALUES (5, 'e', 'e');
INSERT INTO public.galaxy_type VALUES (6, 'f', 'f');


--
-- Data for Name: moon; Type: TABLE DATA; Schema: public; Owner: freecodecamp
--

INSERT INTO public.moon VALUES (1, 'Ran', 1, 200.1, true);
INSERT INTO public.moon VALUES (2, 'Thi', 2, 200.2, false);
INSERT INTO public.moon VALUES (3, 'Min', 3, 200.3, true);
INSERT INTO public.moon VALUES (4, 'Xun', 4, 200.4, false);
INSERT INTO public.moon VALUES (5, 'Xai', 5, 200.5, true);
INSERT INTO public.moon VALUES (6, 'Gue', 6, 200.6, false);
INSERT INTO public.moon VALUES (7, 'Str', 7, 200.7, true);
INSERT INTO public.moon VALUES (8, 'The', 8, 200.8, false);
INSERT INTO public.moon VALUES (9, 'Bri', 9, 200.9, true);
INSERT INTO public.moon VALUES (10, 'Cho', 10, 200.1, false);
INSERT INTO public.moon VALUES (11, 'Xan', 11, 201.1, true);
INSERT INTO public.moon VALUES (12, 'Och', 12, 201.2, false);
INSERT INTO public.moon VALUES (13, 'Eda', 1, 201.3, true);
INSERT INTO public.moon VALUES (14, 'Xad', 2, 201.4, false);
INSERT INTO public.moon VALUES (15, 'Ano', 3, 201.5, true);
INSERT INTO public.moon VALUES (16, 'Let', 4, 201.6, false);
INSERT INTO public.moon VALUES (17, 'Pho', 5, 201.7, true);
INSERT INTO public.moon VALUES (18, 'Stru', 6, 201.8, false);
INSERT INTO public.moon VALUES (19, 'Crip', 7, 201.9, true);
INSERT INTO public.moon VALUES (20, 'Gnad', 8, 202.0, false);


--
-- Data for Name: planet; Type: TABLE DATA; Schema: public; Owner: freecodecamp
--

INSERT INTO public.planet VALUES (1, 'Oph', 1, 1, true);
INSERT INTO public.planet VALUES (2, 'Atr', 2, 2, false);
INSERT INTO public.planet VALUES (3, 'Ucc', 3, 3, true);
INSERT INTO public.planet VALUES (4, 'Oth', 4, 4, false);
INSERT INTO public.planet VALUES (5, 'Tha', 5, 5, true);
INSERT INTO public.planet VALUES (6, 'Hiu', 6, 6, false);
INSERT INTO public.planet VALUES (7, 'Dre', 1, 1, true);
INSERT INTO public.planet VALUES (8, 'Got', 2, 2, false);
INSERT INTO public.planet VALUES (9, 'Nyp', 3, 3, true);
INSERT INTO public.planet VALUES (10, 'Cha', 4, 4, false);
INSERT INTO public.planet VALUES (11, 'Hub', 5, 5, true);
INSERT INTO public.planet VALUES (12, 'Kal', 6, 6, false);


--
-- Data for Name: planet_type; Type: TABLE DATA; Schema: public; Owner: freecodecamp
--

INSERT INTO public.planet_type VALUES (1, 'a', 'a');
INSERT INTO public.planet_type VALUES (2, 'b', 'b');
INSERT INTO public.planet_type VALUES (3, 'c', 'c');
INSERT INTO public.planet_type VALUES (4, 'd', 'd');
INSERT INTO public.planet_type VALUES (5, 'e', 'e');
INSERT INTO public.planet_type VALUES (6, 'f', 'f');


--
-- Data for Name: star; Type: TABLE DATA; Schema: public; Owner: freecodecamp
--

INSERT INTO public.star VALUES (1, 'Zag', 1, 500, 100.1);
INSERT INTO public.star VALUES (2, 'Tho', 2, 501, 100.2);
INSERT INTO public.star VALUES (3, 'Lol', 3, 502, 100.3);
INSERT INTO public.star VALUES (4, 'Vud', 4, 503, 100.4);
INSERT INTO public.star VALUES (5, 'Zir', 5, 504, 100.5);
INSERT INTO public.star VALUES (6, 'Yec', 6, 505, 100.6);


--
-- Name: galaxy_galaxy_id_seq; Type: SEQUENCE SET; Schema: public; Owner: freecodecamp
--

SELECT pg_catalog.setval('public.galaxy_galaxy_id_seq', 6, true);


--
-- Name: galaxy_type_galaxy_type_id_seq; Type: SEQUENCE SET; Schema: public; Owner: freecodecamp
--

SELECT pg_catalog.setval('public.galaxy_type_galaxy_type_id_seq', 6, true);


--
-- Name: moon_moon_id_seq; Type: SEQUENCE SET; Schema: public; Owner: freecodecamp
--

SELECT pg_catalog.setval('public.moon_moon_id_seq', 20, true);


--
-- Name: planet_planet_id_seq; Type: SEQUENCE SET; Schema: public; Owner: freecodecamp
--

SELECT pg_catalog.setval('public.planet_planet_id_seq', 12, true);


--
-- Name: planet_type_planet_type_id_seq; Type: SEQUENCE SET; Schema: public; Owner: freecodecamp
--

SELECT pg_catalog.setval('public.planet_type_planet_type_id_seq', 6, true);


--
-- Name: star_star_id_seq; Type: SEQUENCE SET; Schema: public; Owner: freecodecamp
--

SELECT pg_catalog.setval('public.star_star_id_seq', 6, true);


--
-- Name: galaxy galaxy_name_key; Type: CONSTRAINT; Schema: public; Owner: freecodecamp
--

ALTER TABLE ONLY public.galaxy
    ADD CONSTRAINT galaxy_name_key UNIQUE (name);


--
-- Name: galaxy galaxy_pkey; Type: CONSTRAINT; Schema: public; Owner: freecodecamp
--

ALTER TABLE ONLY public.galaxy
    ADD CONSTRAINT galaxy_pkey PRIMARY KEY (galaxy_id);


--
-- Name: galaxy_type galaxy_type_name_key; Type: CONSTRAINT; Schema: public; Owner: freecodecamp
--

ALTER TABLE ONLY public.galaxy_type
    ADD CONSTRAINT galaxy_type_name_key UNIQUE (name);


--
-- Name: galaxy_type galaxy_type_pkey; Type: CONSTRAINT; Schema: public; Owner: freecodecamp
--

ALTER TABLE ONLY public.galaxy_type
    ADD CONSTRAINT galaxy_type_pkey PRIMARY KEY (galaxy_type_id);


--
-- Name: moon moon_name_key; Type: CONSTRAINT; Schema: public; Owner: freecodecamp
--

ALTER TABLE ONLY public.moon
    ADD CONSTRAINT moon_name_key UNIQUE (name);


--
-- Name: moon moon_pkey; Type: CONSTRAINT; Schema: public; Owner: freecodecamp
--

ALTER TABLE ONLY public.moon
    ADD CONSTRAINT moon_pkey PRIMARY KEY (moon_id);


--
-- Name: planet planet_name_key; Type: CONSTRAINT; Schema: public; Owner: freecodecamp
--

ALTER TABLE ONLY public.planet
    ADD CONSTRAINT planet_name_key UNIQUE (name);


--
-- Name: planet planet_pkey; Type: CONSTRAINT; Schema: public; Owner: freecodecamp
--

ALTER TABLE ONLY public.planet
    ADD CONSTRAINT planet_pkey PRIMARY KEY (planet_id);


--
-- Name: planet_type planet_type_name_key; Type: CONSTRAINT; Schema: public; Owner: freecodecamp
--

ALTER TABLE ONLY public.planet_type
    ADD CONSTRAINT planet_type_name_key UNIQUE (name);


--
-- Name: planet_type planet_type_pkey; Type: CONSTRAINT; Schema: public; Owner: freecodecamp
--

ALTER TABLE ONLY public.planet_type
    ADD CONSTRAINT planet_type_pkey PRIMARY KEY (planet_type_id);


--
-- Name: star star_name_key; Type: CONSTRAINT; Schema: public; Owner: freecodecamp
--

ALTER TABLE ONLY public.star
    ADD CONSTRAINT star_name_key UNIQUE (name);


--
-- Name: star star_pkey; Type: CONSTRAINT; Schema: public; Owner: freecodecamp
--

ALTER TABLE ONLY public.star
    ADD CONSTRAINT star_pkey PRIMARY KEY (star_id);


--
-- Name: galaxy galaxy_galaxy_type_id_fkey; Type: FK CONSTRAINT; Schema: public; Owner: freecodecamp
--

ALTER TABLE ONLY public.galaxy
    ADD CONSTRAINT galaxy_galaxy_type_id_fkey FOREIGN KEY (galaxy_type_id) REFERENCES public.galaxy_type(galaxy_type_id);


--
-- Name: moon moon_planet_id_fkey; Type: FK CONSTRAINT; Schema: public; Owner: freecodecamp
--

ALTER TABLE ONLY public.moon
    ADD CONSTRAINT moon_planet_id_fkey FOREIGN KEY (planet_id) REFERENCES public.planet(planet_id);


--
-- Name: planet planet_planet_type_id_fkey; Type: FK CONSTRAINT; Schema: public; Owner: freecodecamp
--

ALTER TABLE ONLY public.planet
    ADD CONSTRAINT planet_planet_type_id_fkey FOREIGN KEY (planet_type_id) REFERENCES public.planet_type(planet_type_id);


--
-- Name: planet planet_star_id_fkey; Type: FK CONSTRAINT; Schema: public; Owner: freecodecamp
--

ALTER TABLE ONLY public.planet
    ADD CONSTRAINT planet_star_id_fkey FOREIGN KEY (star_id) REFERENCES public.star(star_id);


--
-- Name: star star_galaxy_id_fkey; Type: FK CONSTRAINT; Schema: public; Owner: freecodecamp
--

ALTER TABLE ONLY public.star
    ADD CONSTRAINT star_galaxy_id_fkey FOREIGN KEY (galaxy_id) REFERENCES public.galaxy(galaxy_id);


--
-- PostgreSQL database dump complete
--

